{
  "pooled": {
    "IS_R2": 0.9272027806090825,
    "OOS_R2": 0.6510294681879051
  },
  "per_asset": {
    "SPY": {
      "class": "Equity",
      "r2": 0.25135524280667665,
      "n": 842
    },
    "QQQ": {
      "class": "Equity",
      "r2": 0.21810412561395465,
      "n": 842
    },
    "IWM": {
      "class": "Equity",
      "r2": -0.42985194369370716,
      "n": 843
    },
    "EFA": {
      "class": "Equity",
      "r2": -0.09718849028637111,
      "n": 843
    },
    "EEM": {
      "class": "Equity",
      "r2": -0.19554459977293615,
      "n": 843
    },
    "TLT": {
      "class": "Bond",
      "r2": -0.5416236458134989,
      "n": 843
    },
    "IEF": {
      "class": "Bond",
      "r2": -0.10652593228746543,
      "n": 842
    },
    "AGG": {
      "class": "Bond",
      "r2": -0.39609261372692783,
      "n": 843
    },
    "GLD": {
      "class": "Commodity",
      "r2": -0.4756563713936408,
      "n": 843
    },
    "SLV": {
      "class": "Commodity",
      "r2": -0.9027453541838977,
      "n": 843
    },
    "USO": {
      "class": "Commodity",
      "r2": -0.31176462678346906,
      "n": 842
    }
  },
  "class_equity": -0.050625133066476626,
  "class_bond": -0.3480807306092974,
  "class_commodity": -0.5633887841203359,
  "median_r2": -0.31176462678346906,
  "mean_r2": -0.2715940190473893
}