{
  "Full Model": 0.9634455380330283,
  "No Attention": 0.9773397122380036,
  "Unidirectional": 0.9255153819643254,
  "Simple MLP": 0.9817310990196434
}