{
  "const": 16.84556508556254,
  "LogRV_lag1": 52.10994076266329,
  "LogRV_lag5": 76.10420808014928,
  "LogRV_lag22": 8.461103046569152
}