{
  "Shapiro_Wilk_P": 2.92082388781774e-44,
  "Ljung_Box_P_lag10": 0.0,
  "Breusch_Pagan_P": 1.5422679208584416e-97
}