{
  "v50": {
    "seeds": [
      42,
      123,
      456,
      789,
      2024
    ],
    "r2_scores": [
      0.5545071365337904,
      0.6057692777888377,
      0.5329300736239754,
      0.5679898667991858,
      0.6125609985684866
    ],
    "rmse_scores": [
      0.5897383373040045,
      0.5547715970836838,
      0.6038512057487216,
      0.580745632308071,
      0.5499720941271626
    ],
    "mae_scores": [
      0.46360052291121345,
      0.4419810422463343,
      0.48106908415198885,
      0.4590602997279833,
      0.43081376647210795
    ],
    "statistics": {
      "r2_mean": 0.5747514706628551,
      "r2_std": 0.03031912386852035,
      "r2_min": 0.5329300736239754,
      "r2_max": 0.6125609985684866,
      "rmse_mean": 0.5758157733143288,
      "rmse_std": 0.020566379733360018,
      "mae_mean": 0.45530494310192554,
      "mae_std": 0.017458833744160844
    }
  },
  "v64": {
    "seeds": [
      42,
      123,
      456,
      789,
      2024
    ],
    "r2_scores": [
      0.5049614596562171,
      0.49646876352601077,
      0.4856347452172437,
      0.46268334288146595,
      0.5361960791169984
    ],
    "rmse_scores": [
      0.6216679688216935,
      0.6269778437418041,
      0.6336869998045649,
      0.6476705314977922,
      0.6017362749965811
    ],
    "mae_scores": [
      0.4956006677125206,
      0.4938654978484524,
      0.4996130478052432,
      0.5083555375322926,
      0.4732729023506585
    ],
    "statistics": {
      "r2_mean": 0.4971888780795872,
      "r2_std": 0.024110675094729816,
      "r2_min": 0.46268334288146595,
      "r2_max": 0.5361960791169984,
      "rmse_mean": 0.6263479237724872,
      "rmse_std": 0.015076787921766463,
      "mae_mean": 0.49414153064983346,
      "mae_std": 0.011573075769222367
    }
  }
}