{
  "metrics": {
    "V36 (HAR-3)": {
      "r2": 0.7320265962391509,
      "rmse": 0.5409982392229794,
      "mae": 0.4301236939954537,
      "qlike": 0.1800782991917389
    },
    "V68 (Base-14)": {
      "r2": 0.7280840702949745,
      "rmse": 0.5449633934920833,
      "mae": 0.4313353490219294,
      "qlike": 0.19202129098233553
    },
    "V71 Ridge (All-37)": {
      "r2": 0.7744881161649446,
      "rmse": 0.4962890826996497,
      "mae": 0.3959058095808313,
      "qlike": 0.14895036032165665
    },
    "V71 Ensemble": {
      "r2": 0.7785932823557763,
      "rmse": 0.49175117021676457,
      "mae": 0.39279834553111653,
      "qlike": 0.14743840865982247
    }
  },
  "dm_tests": {
    "V71 Ensemble vs V36 (HAR-3)": {
      "dm_stat": -8.802368163646364,
      "p_value": 0.0,
      "significance": "***"
    },
    "V71 Ensemble vs V68 (Base-14)": {
      "dm_stat": -8.75598355527232,
      "p_value": 0.0,
      "significance": "***"
    },
    "V71 Ridge (All-37) vs V36 (HAR-3)": {
      "dm_stat": -7.480509444793745,
      "p_value": 7.394085344003543e-14,
      "significance": "***"
    },
    "V71 Ridge (All-37) vs V68 (Base-14)": {
      "dm_stat": -7.592674467694917,
      "p_value": 3.1308289294429414e-14,
      "significance": "***"
    }
  }
}