{
  "period_subsample": {
    "2010-2014": {
      "n_total": 13827,
      "n_train": 9678,
      "n_test": 4149,
      "r2_v36": 0.6338587136750682,
      "r2_v71": 0.7394293565079804
    },
    "2015-2019": {
      "n_total": 13838,
      "n_train": 9686,
      "n_test": 4152,
      "r2_v36": 0.7807497861035857,
      "r2_v71": 0.7999804344842616
    },
    "2020-2024": {
      "n_total": 13596,
      "n_train": 9517,
      "n_test": 4079,
      "r2_v36": 0.6824991640831662,
      "r2_v71": 0.49315002695537313
    }
  },
  "vix_regime": {
    "Low VIX (0-50%)": {
      "n": 4136,
      "r2_v36": 0.7394062570986197,
      "r2_v71": 0.7814235422777029,
      "delta": 0.04201728517908321
    },
    "Mid VIX (50-90%)": {
      "n": 3292,
      "r2_v36": 0.6977015430698275,
      "r2_v71": 0.7215039990788745,
      "delta": 0.023802456009047068
    },
    "High VIX (90-100%)": {
      "n": 825,
      "r2_v36": 0.6019205649314957,
      "r2_v71": 0.7646891639427791,
      "delta": 0.16276859901128338
    }
  }
}