{
  "correlation_matrix": {
    "RogersSatchell_22": {
      "RogersSatchell_22": 1.0,
      "GarmanKlass_22": 0.9988140076139163,
      "Parkinson_22": 0.9945139118254298,
      "SPY_LogRV": 0.2108825504231611,
      "Range_Close_Ratio": -0.47566832344822846,
      "Garch_Weekly": 0.7815919330062753,
      "Garch_Daily": 0.7848644850541481,
      "IV_VIX": 0.3407589661362656,
      "LogRV_lag1": 0.8056437490625602,
      "IV_VIX3M": 0.34317067812478647,
      "IV_VRP_ma22": 0.29733938206732424,
      "IV_VIX9D": -0.03296364935233881,
      "LogRV_lag10": 0.7654891094998693,
      "Parkinson_5": 0.9137199176514058,
      "IV_VIX_TermSlope": 0.19103770640567205
    },
    "GarmanKlass_22": {
      "RogersSatchell_22": 0.9988140076139163,
      "GarmanKlass_22": 1.0,
      "Parkinson_22": 0.9981063442105161,
      "SPY_LogRV": 0.2093445863989569,
      "Range_Close_Ratio": -0.4797569844374822,
      "Garch_Weekly": 0.7832732330553052,
      "Garch_Daily": 0.7865813237564172,
      "IV_VIX": 0.3385272250877203,
      "LogRV_lag1": 0.8101312982369728,
      "IV_VIX3M": 0.34060666219193886,
      "IV_VRP_ma22": 0.2944149322150588,
      "IV_VIX9D": -0.03074634701647391,
      "LogRV_lag10": 0.7689605520212137,
      "Parkinson_5": 0.9177198161923693,
      "IV_VIX_TermSlope": 0.19083148439704753
    },
    "Parkinson_22": {
      "RogersSatchell_22": 0.9945139118254298,
      "GarmanKlass_22": 0.9981063442105161,
      "Parkinson_22": 1.0,
      "SPY_LogRV": 0.20940056879189797,
      "Range_Close_Ratio": -0.4843314532733178,
      "Garch_Weekly": 0.7814944874057083,
      "Garch_Daily": 0.7866765027073688,
      "IV_VIX": 0.3360563343643259,
      "LogRV_lag1": 0.8141085873299556,
      "IV_VIX3M": 0.3375502908622491,
      "IV_VRP_ma22": 0.2898240904184065,
      "IV_VIX9D": -0.028186002269950737,
      "LogRV_lag10": 0.7697840573198168,
      "Parkinson_5": 0.9200404959411267,
      "IV_VIX_TermSlope": 0.1913216297872762
    },
    "SPY_LogRV": {
      "RogersSatchell_22": 0.2108825504231611,
      "GarmanKlass_22": 0.2093445863989569,
      "Parkinson_22": 0.20940056879189797,
      "SPY_LogRV": 1.0,
      "Range_Close_Ratio": -0.5221221033376787,
      "Garch_Weekly": 0.31294323775832017,
      "Garch_Daily": 0.3847089582913582,
      "IV_VIX": 0.7165730519923441,
      "LogRV_lag1": 0.44909767140865686,
      "IV_VIX3M": 0.6904518653674869,
      "IV_VRP_ma22": 0.7224688241878676,
      "IV_VIX9D": 0.27866910192506195,
      "LogRV_lag10": 0.3869925911320925,
      "Parkinson_5": 0.2558281256664819,
      "IV_VIX_TermSlope": 0.5047195590686298
    },
    "Range_Close_Ratio": {
      "RogersSatchell_22": -0.47566832344822846,
      "GarmanKlass_22": -0.4797569844374822,
      "Parkinson_22": -0.4843314532733178,
      "SPY_LogRV": -0.5221221033376787,
      "Range_Close_Ratio": 1.0,
      "Garch_Weekly": -0.6154669885543846,
      "Garch_Daily": -0.6342782696140574,
      "IV_VIX": -0.21420893021513487,
      "LogRV_lag1": -0.9018238090511587,
      "IV_VIX3M": -0.21448961672345662,
      "IV_VRP_ma22": -0.3093921442516758,
      "IV_VIX9D": -0.22568006863234466,
      "LogRV_lag10": -0.8383503823016196,
      "Parkinson_5": -0.584818307023529,
      "IV_VIX_TermSlope": -0.12416962071583774
    },
    "Garch_Weekly": {
      "RogersSatchell_22": 0.7815919330062753,
      "GarmanKlass_22": 0.7832732330553052,
      "Parkinson_22": 0.7814944874057083,
      "SPY_LogRV": 0.31294323775832017,
      "Range_Close_Ratio": -0.6154669885543846,
      "Garch_Weekly": 1.0,
      "Garch_Daily": 0.8683196916147409,
      "IV_VIX": 0.318640328855272,
      "LogRV_lag1": 0.7943784754236054,
      "IV_VIX3M": 0.33118289951993385,
      "IV_VRP_ma22": 0.40780010838047914,
      "IV_VIX9D": 0.10128833616116015,
      "LogRV_lag10": 0.7860587684720075,
      "Parkinson_5": 0.7459098543195101,
      "IV_VIX_TermSlope": 0.14467074798672452
    },
    "Garch_Daily": {
      "RogersSatchell_22": 0.7848644850541481,
      "GarmanKlass_22": 0.7865813237564172,
      "Parkinson_22": 0.7866765027073688,
      "SPY_LogRV": 0.3847089582913582,
      "Range_Close_Ratio": -0.6342782696140574,
      "Garch_Weekly": 0.8683196916147409,
      "Garch_Daily": 1.0,
      "IV_VIX": 0.4071387064981908,
      "LogRV_lag1": 0.8094685600720993,
      "IV_VIX3M": 0.4013575942517171,
      "IV_VRP_ma22": 0.452029560532008,
      "IV_VIX9D": 0.13195160206329948,
      "LogRV_lag10": 0.7285638936792196,
      "Parkinson_5": 0.7946617659831511,
      "IV_VIX_TermSlope": 0.2568538534369349
    },
    "IV_VIX": {
      "RogersSatchell_22": 0.3407589661362656,
      "GarmanKlass_22": 0.3385272250877203,
      "Parkinson_22": 0.3360563343643259,
      "SPY_LogRV": 0.7165730519923441,
      "Range_Close_Ratio": -0.21420893021513487,
      "Garch_Weekly": 0.318640328855272,
      "Garch_Daily": 0.4071387064981908,
      "IV_VIX": 1.0,
      "LogRV_lag1": 0.30826125299556134,
      "IV_VIX3M": 0.9743197376747457,
      "IV_VRP_ma22": 0.7463133960785917,
      "IV_VIX9D": 0.18812650937992004,
      "LogRV_lag10": 0.24476525243219863,
      "Parkinson_5": 0.35300184738880547,
      "IV_VIX_TermSlope": 0.6687829058825012
    },
    "LogRV_lag1": {
      "RogersSatchell_22": 0.8056437490625602,
      "GarmanKlass_22": 0.8101312982369728,
      "Parkinson_22": 0.8141085873299556,
      "SPY_LogRV": 0.44909767140865686,
      "Range_Close_Ratio": -0.9018238090511587,
      "Garch_Weekly": 0.7943784754236054,
      "Garch_Daily": 0.8094685600720993,
      "IV_VIX": 0.30826125299556134,
      "LogRV_lag1": 1.0,
      "IV_VIX3M": 0.30914949345240117,
      "IV_VRP_ma22": 0.348305354013693,
      "IV_VIX9D": 0.135427735955727,
      "LogRV_lag10": 0.9359042959556307,
      "Parkinson_5": 0.8420273404728038,
      "IV_VIX_TermSlope": 0.17708945345952284
    },
    "IV_VIX3M": {
      "RogersSatchell_22": 0.34317067812478647,
      "GarmanKlass_22": 0.34060666219193886,
      "Parkinson_22": 0.3375502908622491,
      "SPY_LogRV": 0.6904518653674869,
      "Range_Close_Ratio": -0.21448961672345662,
      "Garch_Weekly": 0.33118289951993385,
      "Garch_Daily": 0.4013575942517171,
      "IV_VIX": 0.9743197376747457,
      "LogRV_lag1": 0.30914949345240117,
      "IV_VIX3M": 1.0,
      "IV_VRP_ma22": 0.7647616216583728,
      "IV_VIX9D": 0.134037164679505,
      "LogRV_lag10": 0.2611247050700515,
      "Parkinson_5": 0.3400156150504869,
      "IV_VIX_TermSlope": 0.4842047966675382
    },
    "IV_VRP_ma22": {
      "RogersSatchell_22": 0.29733938206732424,
      "GarmanKlass_22": 0.2944149322150588,
      "Parkinson_22": 0.2898240904184065,
      "SPY_LogRV": 0.7224688241878676,
      "Range_Close_Ratio": -0.3093921442516758,
      "Garch_Weekly": 0.40780010838047914,
      "Garch_Daily": 0.452029560532008,
      "IV_VIX": 0.7463133960785917,
      "LogRV_lag1": 0.348305354013693,
      "IV_VIX3M": 0.7647616216583728,
      "IV_VRP_ma22": 1.0,
      "IV_VIX9D": 0.22649957888332845,
      "LogRV_lag10": 0.3486682190847102,
      "Parkinson_5": 0.2591608926714965,
      "IV_VIX_TermSlope": 0.3749294054238352
    },
    "IV_VIX9D": {
      "RogersSatchell_22": -0.03296364935233881,
      "GarmanKlass_22": -0.03074634701647391,
      "Parkinson_22": -0.028186002269950737,
      "SPY_LogRV": 0.27866910192506195,
      "Range_Close_Ratio": -0.22568006863234466,
      "Garch_Weekly": 0.10128833616116015,
      "Garch_Daily": 0.13195160206329948,
      "IV_VIX": 0.18812650937992004,
      "LogRV_lag1": 0.135427735955727,
      "IV_VIX3M": 0.134037164679505,
      "IV_VRP_ma22": 0.22649957888332845,
      "IV_VIX9D": 1.0,
      "LogRV_lag10": 0.14033840948973444,
      "Parkinson_5": 0.04188988132166859,
      "IV_VIX_TermSlope": 0.28845543830677034
    },
    "LogRV_lag10": {
      "RogersSatchell_22": 0.7654891094998693,
      "GarmanKlass_22": 0.7689605520212137,
      "Parkinson_22": 0.7697840573198168,
      "SPY_LogRV": 0.3869925911320925,
      "Range_Close_Ratio": -0.8383503823016196,