{
  "Base (14)": {
    "Ridge": {
      "r2": 0.7280840702949745,
      "rmse": 0.5449633934920833,
      "mae": 0.4313353490219294
    },
    "XGBoost": {
      "r2": 0.7357544245712695,
      "rmse": 0.5372220965327845,
      "mae": 0.4285316797447948
    },
    "MLP": {
      "r2": 0.6804593569089518,
      "rmse": 0.5907626878123299,
      "mae": 0.4621740738370331
    }
  },
  "All (37)": {
    "Ridge": {
      "r2": 0.7731953763633229,
      "rmse": 0.49770953074123037,
      "mae": 0.3970266608318383
    },
    "XGBoost": {
      "r2": 0.7611471518841807,
      "rmse": 0.5107580467019063,
      "mae": 0.407539087509937
    },
    "MLP": {
      "r2": 0.5726022386853656,
      "rmse": 0.6832287402524321,
      "mae": 0.5403737144338663
    }
  }
}