{
  "per_asset": {
    "AGG": {
      "class": "Bond",
      "n_test": 751,
      "r2_v36": -3.9063782075795634,
      "r2_v71": -1.7399613044406488,
      "improvement": 2.1664169031389147
    },
    "EEM": {
      "class": "Equity",
      "n_test": 750,
      "r2_v36": 0.11094299375354766,
      "r2_v71": 0.24868410737664437,
      "improvement": 0.1377411136230967
    },
    "EFA": {
      "class": "Equity",
      "n_test": 751,
      "r2_v36": 0.3040513915857438,
      "r2_v71": 0.4280568767545422,
      "improvement": 0.12400548516879839
    },
    "GLD": {
      "class": "Commodity",
      "n_test": 750,
      "r2_v36": 0.09132166564957189,
      "r2_v71": 0.06492421495499567,
      "improvement": -0.02639745069457622
    },
    "IEF": {
      "class": "Bond",
      "n_test": 750,
      "r2_v36": -0.5808308222578216,
      "r2_v71": -0.19000268263935793,
      "improvement": 0.39082813961846363
    },
    "IWM": {
      "class": "Equity",
      "n_test": 750,
      "r2_v36": -0.025310573623261945,
      "r2_v71": 0.015158505847628012,
      "improvement": 0.04046907947088996
    },
    "QQQ": {
      "class": "Equity",
      "n_test": 750,
      "r2_v36": 0.07759654486703149,
      "r2_v71": 0.4105254772437079,
      "improvement": 0.3329289323766764
    },
    "SLV": {
      "class": "Commodity",
      "n_test": 750,
      "r2_v36": 0.06342429177824593,
      "r2_v71": -0.132496622607166,
      "improvement": -0.19592091438541193
    },
    "SPY": {
      "class": "Equity",
      "n_test": 750,
      "r2_v36": 0.31648349744384474,
      "r2_v71": 0.49710352119705226,
      "improvement": 0.18062002375320751
    },
    "TLT": {
      "class": "Bond",
      "n_test": 750,
      "r2_v36": -0.34626912335136684,
      "r2_v71": -0.04537183216280094,
      "improvement": 0.3008972911885659
    },
    "USO": {
      "class": "Commodity",
      "n_test": 751,
      "r2_v36": 0.15273584159741438,
      "r2_v71": 0.20966606980843872,
      "improvement": 0.056930228211024336
    }
  },
  "per_class": {
    "Equity": {
      "v36_mean": 0.15675277080538114,
      "v36_std": 0.13320817833686724,
      "v71_mean": 0.31990569768391497,
      "v71_std": 0.17277213693048116,
      "delta": 0.16315292687853383
    },
    "Bond": {
      "v36_mean": -1.6111593843962506,
      "v36_std": 1.6257873748576337,
      "v71_mean": -0.6584452730809359,
      "v71_std": 0.7670233439704602,
      "delta": 0.9527141113153147
    },
    "Commodity": {
      "v36_mean": 0.10249393300841074,
      "v36_std": 0.03730730849961782,
      "v71_mean": 0.04736455405208947,
      "v71_std": 0.14023809108926794,
      "delta": -0.05512937895632127
    }
  }
}