{
  "Financial_Crisis_2008": {
    "RMSE": 0.25450268170224993,
    "R2": 0.772149548813698
  },
  "Normal_2012_2019": {
    "RMSE": 0.2879872853143801,
    "R2": 0.5166226755009891
  },
  "COVID_2020": {
    "RMSE": 0.4355798575045864,
    "R2": 0.5479322526470602
  },
  "Inflation_2022": {
    "RMSE": 0.17870421681326448,
    "R2": 0.3057607967190944
  }
}