{
  "baseline_r2": 0.18715465217539684,
  "importances": {
    "LogRV": {
      "mean": 0.1971013882590864,
      "std": 0.00503922288627181
    },
    "Return": {
      "mean": 0.0013060383819560317,
      "std": 8.8271005479482e-05
    }
  }
}