{
  "signal_lag": {
    "t+1": {
      "Return": 0.05709293939569619,
      "Sharpe": 0.8632170232199163
    },
    "t+2": {
      "Return": 0.05473808187418499,
      "Sharpe": 0.8172800685634828
    },
    "t+3": {
      "Return": 0.052425210864952915,
      "Sharpe": 0.7810946199145302
    }
  },
  "subsample": {
    "Normal (Bull)": {
      "Return": 0.09737646721495886,
      "Sharpe": 1.6517294468500674
    },
    "Crisis (COVID)": {
      "Return": 0.029447656093834366,
      "Sharpe": 0.47293857892599067
    },
    "Crisis (Inflation)": {
      "Return": -0.10830833639299367,
      "Sharpe": -1.9923407562016482
    },
    "Sideways/Mixed": {
      "Return": 0.10251803040074385,
      "Sharpe": 1.2728845160362774
    }
  },
  "break_even_bps": 104.44470435506108
}