{
  "performance": {
    "HAR-Ridge": {
      "R2": 0.7007421185450304,
      "RMSE": 0.528711013924001
    },
    "ElasticNet": {
      "R2": 0.6898279394084526,
      "RMSE": 0.5382659361907834
    },
    "SVR": {
      "R2": 0.6931934342185677,
      "RMSE": 0.5353377678413502
    },
    "GBM": {
      "R2": 0.6976775030144838,
      "RMSE": 0.5314113084552909
    },
    "AdaBoost": {
      "R2": 0.6187919726233592,
      "RMSE": 0.5967282214292389
    },
    "KNN": {
      "R2": 0.6377061558010827,
      "RMSE": 0.581736128705306
    }
  },
  "dm_tests": {
    "ElasticNet": {
      "stat": -5.512002526584684,
      "p_value": 3.547738258724564e-08,
      "winner": "HAR-Ridge"
    },
    "SVR": {
      "stat": -4.725841717324477,
      "p_value": 2.2916410542528354e-06,
      "winner": "HAR-Ridge"
    },
    "GBM": {
      "stat": -1.413813715527464,
      "p_value": 0.1574166054124393,
      "winner": "Tie"
    },
    "AdaBoost": {
      "stat": -14.55891470517867,
      "p_value": 0.0,
      "winner": "HAR-Ridge"
    },
    "KNN": {
      "stat": -13.651429781200823,
      "p_value": 0.0,
      "winner": "HAR-Ridge"
    }
  }
}