{
  "performance": {
    "HAR-Ridge (Base)": {
      "R2": 0.7007413453358968,
      "RMSE": 0.5287117097965088
    },
    "Voting (Avg)": {
      "R2": 0.7028872157053092,
      "RMSE": 0.5268127037855337
    },
    "Stacking (Meta)": {
      "R2": 0.7059297004651217,
      "RMSE": 0.5241084376994773
    }
  },
  "dm_tests": {
    "Voting (Avg)": {
      "stat": 1.936625715661,
      "p_value": 0.05279111215627075,
      "winner": "Tie"
    },
    "Stacking (Meta)": {
      "stat": 6.809950909064129,
      "p_value": 9.763301278553627e-12,
      "winner": "Stacking (Meta)"
    }
  }
}