{
  "base_performance": {
    "R2": 0.7007422579408362,
    "RMSE": 0.5287111510435254
  },
  "hybrid_performance": {
    "R2": 0.6957912730893283,
    "RMSE": 0.5330667657412684
  },
  "improvement_pct": -0.7065343634415043,
  "dm_test": {
    "stat": -2.6273670874037625,
    "p_value": 0.008604845044138276,
    "winner": "Base"
  }
}