{
  "har_r2": 0.36146552407885524,
  "transformer_r2": 0.016801763408222037,
  "improvement": -95.35176599454705
}