{
  "best_single_r2": 0.6505389377245981,
  "simple_avg_r2": 0.648793128567697,
  "stacking_r2": 0.6481206682274789,
  "improvement": -0.3717332440664709,
  "weights": [
    1.0000000273016854,
    0.0,
    0.0,
    0.0,
    0.0
  ]
}