{
  "baseline_r2": 0.6481574336004594,
  "garch_har_r2": 0.6529411378344282,
  "improvement": 0.7380466513198373,
  "coefficients": {
    "LogRV_lag1": 0.8320748119975528,
    "LogRV_lag5": -0.37376128676327725,
    "LogRV_lag22": 0.32185461507816787,
    "GarchVol_lag1": 0.12955182830505174
  }
}