{
  "5d": {
    "horizon_days": 5,
    "overall_r2": 0.4537068628359685,
    "overall_mae": 0.46213770466944537,
    "avg_asset_r2": 0.2728993783197643,
    "n_train": 64296,
    "n_test": 16074
  },
  "1m": {
    "horizon_days": 22,
    "overall_r2": 0.5946139722718018,
    "overall_mae": 0.3495180757941087,
    "avg_asset_r2": 0.33566348513425076,
    "n_train": 64037,
    "n_test": 16010
  },
  "3m": {
    "horizon_days": 66,
    "overall_r2": 0.5627125322098174,
    "overall_mae": 0.3471663254842009,
    "avg_asset_r2": 0.1988522303153618,
    "n_train": 63368,
    "n_test": 15843
  },
  "6m": {
    "horizon_days": 132,
    "overall_r2": 0.5397201876374591,
    "overall_mae": 0.36130687729747296,
    "avg_asset_r2": 0.06903197563002758,
    "n_train": 62365,
    "n_test": 15592
  },
  "12m": {
    "horizon_days": 252,
    "overall_r2": 0.4586268649932942,
    "overall_mae": 0.3973883361216358,
    "avg_asset_r2": -0.23090935002733323,
    "n_train": 60541,
    "n_test": 15136
  }
}