{
  "Baseline MLP": {
    "r2_overall": 0.25957250595092773,
    "avg_asset_r2": -0.11769794631567473,
    "per_asset": {
      "GLD": 0.11221558213166816,
      "USO": -0.04678898552317068,
      "SLV": -0.8167989154824777,
      "DBC": 0.2805805336112813
    }
  },
  "Level 1: Residual MLP": {
    "r2_overall": 0.23218756914138794,
    "avg_asset_r2": -0.1344402606277423,
    "per_asset": {
      "GLD": 0.08268299915734845,
      "USO": -0.6708541254820732,
      "SLV": -0.24158331361080698,
      "DBC": 0.29199339742456254
    }
  },
  "Level 2: LSTM": {
    "r2_overall": -0.04649913311004639,
    "avg_asset_r2": -0.48174634566222674,
    "per_asset": {
      "GLD": 0.1373709193308742,
      "USO": -0.8944765549422293,
      "SLV": -1.4477281414712508,
      "DBC": 0.27784839443369924
    }
  },
  "Level 3: Cross-Attention": {
    "r2_overall": 0.1955559253692627,
    "avg_asset_r2": -0.21200736659873198,
    "per_asset": {
      "GLD": 0.06689201878416129,
      "USO": -0.04948179626760152,
      "SLV": -1.0773852319120678,
      "DBC": 0.2119455430005801
    }
  },
  "Level 4: Transformer": {
    "r2_overall": 0.145268976688385,
    "avg_asset_r2": -0.21781783367089477,
    "per_asset": {
      "GLD": 0.17197100208191296,
      "USO": -1.117082168700549,
      "SLV": -0.07740751129131618,
      "DBC": 0.15124734322637312
    }
  }
}