{
  "Mamba": {
    "R2": -0.09364438056945801,
    "Time": 195.0226535797119
  },
  "LSTM": {
    "R2": -0.06617069244384766,
    "Time": 13.902542352676392
  }
}