{
  "pooled": {
    "R2": 0.5386,
    "RMSE": 0.6985,
    "MAE": 0.5534,
    "QLIKE": 0.33070001006126404
  },
  "per_asset": {
    "SPY": {
      "class": "Equity",
      "R2": -0.1815,
      "RMSE": 0.8383,
      "MAE": 0.6732,
      "QLIKE": 0.5460000038146973,
      "n": 678
    },
    "QQQ": {
      "class": "Equity",
      "R2": -0.8159,
      "RMSE": 0.9242,
      "MAE": 0.7249,
      "QLIKE": 0.7152000069618225,
      "n": 678
    },
    "IWM": {
      "class": "Equity",
      "R2": -1.5314,
      "RMSE": 0.8421,
      "MAE": 0.678,
      "QLIKE": 0.5551999807357788,
      "n": 678
    },
    "EFA": {
      "class": "Equity",
      "R2": -0.1259,
      "RMSE": 0.6431,
      "MAE": 0.5264,
      "QLIKE": 0.2702000141143799,
      "n": 678
    },
    "EEM": {
      "class": "Equity",
      "R2": -0.6425,
      "RMSE": 0.6614,
      "MAE": 0.5304,
      "QLIKE": 0.273499995470047,
      "n": 677
    },
    "TLT": {
      "class": "Bond",
      "R2": -1.1674,
      "RMSE": 0.6791,
      "MAE": 0.569,
      "QLIKE": 0.31049999594688416,
      "n": 678
    },
    "IEF": {
      "class": "Bond",
      "R2": -0.1808,
      "RMSE": 0.5509,
      "MAE": 0.4301,
      "QLIKE": 0.15230000019073486,
      "n": 677
    },
    "AGG": {
      "class": "Bond",
      "R2": -0.7472,
      "RMSE": 0.632,
      "MAE": 0.5047,
      "QLIKE": 0.19599999487400055,
      "n": 678
    },
    "GLD": {
      "class": "Commodity",
      "R2": -0.356,
      "RMSE": 0.5725,
      "MAE": 0.466,
      "QLIKE": 0.20340000092983246,
      "n": 678
    },
    "SLV": {
      "class": "Commodity",
      "R2": -1.3156,
      "RMSE": 0.643,
      "MAE": 0.503,
      "QLIKE": 0.2549999952316284,
      "n": 678
    },
    "USO": {
      "class": "Commodity",
      "R2": -0.0976,
      "RMSE": 0.5864,
      "MAE": 0.4811,
      "QLIKE": 0.15970000624656677,
      "n": 678
    }
  },
  "model": "V50_LSTM_37features",
  "input_dim": 37,
  "seq_len": 22,
  "params": 61186,
  "class_equity": -0.6594,
  "class_bond": -0.6985,
  "class_commodity": -0.5897,
  "median_r2": -0.6425,
  "mean_r2": -0.6511
}