{
  "1d": {
    "LSTM_Top3": {
      "R2": 0.0924,
      "RMSE": 2.5379,
      "MAE": 1.8225,
      "QLIKE": 4.345399856567383,
      "Med_R2": -0.0004,
      "n_assets": 11
    },
    "LSTM_Orig": {
      "R2": 0.0963,
      "RMSE": 2.5325,
      "MAE": 1.8076,
      "QLIKE": 4.218500137329102,
      "Med_R2": 0.0012,
      "n_assets": 11
    },
    "Ridge_37": {
      "R2": 0.1141,
      "RMSE": 2.4962,
      "MAE": 1.7569,
      "QLIKE": 3.4965,
      "Med_R2": 0.0197,
      "n_assets": 11
    },
    "HAR3": {
      "R2": 0.1087,
      "RMSE": 2.5038,
      "MAE": 1.7602,
      "QLIKE": 3.5218,
      "Med_R2": 0.0201,
      "n_assets": 11
    }
  },
  "5d": {
    "LSTM_Top3": {
      "R2": 0.5768,
      "RMSE": 0.7929,
      "MAE": 0.6203,
      "QLIKE": 0.35350000858306885,
      "Med_R2": 0.101,
      "n_assets": 11
    },
    "LSTM_Orig": {
      "R2": 0.5868,
      "RMSE": 0.7834,
      "MAE": 0.6154,
      "QLIKE": 0.349700003862381,
      "Med_R2": 0.1162,
      "n_assets": 11
    },
    "Ridge_37": {
      "R2": 0.6242,
      "RMSE": 0.7486,
      "MAE": 0.5887,
      "QLIKE": 0.3246,
      "Med_R2": 0.2035,
      "n_assets": 11
    },
    "HAR3": {
      "R2": 0.5807,
      "RMSE": 0.7907,
      "MAE": 0.6179,
      "QLIKE": 0.36,
      "Med_R2": 0.1164,
      "n_assets": 11
    }
  },
  "22d": {
    "LSTM_Top3": {
      "R2": 0.7804,
      "RMSE": 0.4819,
      "MAE": 0.3869,
      "QLIKE": 0.11909999698400497,
      "Med_R2": 0.2743,
      "n_assets": 11
    },
    "LSTM_Orig": {
      "R2": 0.7482,
      "RMSE": 0.5159,
      "MAE": 0.4171,
      "QLIKE": 0.12319999933242798,
      "Med_R2": 0.0667,
      "n_assets": 11
    },
    "Ridge_37": {
      "R2": 0.7888,
      "RMSE": 0.4771,
      "MAE": 0.3792,
      "QLIKE": 0.1341,
      "Med_R2": 0.2176,
      "n_assets": 11
    },
    "HAR3": {
      "R2": 0.7609,
      "RMSE": 0.5076,
      "MAE": 0.4022,
      "QLIKE": 0.1527,
      "Med_R2": 0.1199,
      "n_assets": 11
    }
  },
  "60d": {
    "LSTM_Top3": {
      "R2": 0.7955,
      "RMSE": 0.4463,
      "MAE": 0.3518,
      "QLIKE": 0.10939999669790268,
      "Med_R2": -0.1784,
      "n_assets": 11
    },
    "LSTM_Orig": {
      "R2": 0.7703,
      "RMSE": 0.473,
      "MAE": 0.3755,
      "QLIKE": 0.11289999634027481,
      "Med_R2": -0.0761,
      "n_assets": 11
    },
    "Ridge_37": {
      "R2": 0.7755,
      "RMSE": 0.4702,
      "MAE": 0.3764,
      "QLIKE": 0.1337,
      "Med_R2": -0.179,
      "n_assets": 11
    },
    "HAR3": {
      "R2": 0.7842,
      "RMSE": 0.461,
      "MAE": 0.3653,
      "QLIKE": 0.1217,
      "Med_R2": -0.039,
      "n_assets": 11
    }
  },
  "90d": {
    "LSTM_Top3": {
      "R2": 0.7877,
      "RMSE": 0.448,
      "MAE": 0.3599,
      "QLIKE": 0.11670000106096268,
      "Med_R2": -0.0309,
      "n_assets": 11
    },
    "LSTM_Orig": {
      "R2": 0.7389,
      "RMSE": 0.4968,
      "MAE": 0.3963,
      "QLIKE": 0.12110000103712082,
      "Med_R2": -0.3056,
      "n_assets": 11
    },
    "Ridge_37": {
      "R2": 0.7534,
      "RMSE": 0.4849,
      "MAE": 0.3909,
      "QLIKE": 0.1454,
      "Med_R2": -0.3121,
      "n_assets": 11
    },
    "HAR3": {
      "R2": 0.7813,
      "RMSE": 0.4567,
      "MAE": 0.3662,
      "QLIKE": 0.1153,
      "Med_R2": -0.2859,
      "n_assets": 11
    }
  },
  "120d": {
    "LSTM_Top3": {
      "R2": 0.7514,
      "RMSE": 0.479,
      "MAE": 0.3892,
      "QLIKE": 0.11219999939203262,
      "Med_R2": -0.1485,
      "n_assets": 11
    },
    "LSTM_Orig": {
      "R2": 0.6951,
      "RMSE": 0.5305,
      "MAE": 0.4255,
      "QLIKE": 0.14110000431537628,
      "Med_R2": -0.2292,
      "n_assets": 11
    },
    "Ridge_37": {
      "R2": 0.7377,
      "RMSE": 0.4945,
      "MAE": 0.3971,
      "QLIKE": 0.1523,
      "Med_R2": -0.403,
      "n_assets": 11
    },
    "HAR3": {
      "R2": 0.7583,
      "RMSE": 0.4747,
      "MAE": 0.374,
      "QLIKE": 0.1274,
      "Med_R2": -0.5425,
      "n_assets": 11
    }
  },
  "180d": {
    "LSTM_Top3": {
      "R2": 0.7079,
      "RMSE": 0.5114,
      "MAE": 0.4116,
      "QLIKE": 0.13699999451637268,
      "Med_R2": -0.3284,
      "n_assets": 11
    },
    "LSTM_Orig": {
      "R2": 0.652,
      "RMSE": 0.5582,
      "MAE": 0.4398,
      "QLIKE": 0.16619999706745148,
      "Med_R2": -0.8194,
      "n_assets": 11
    },
    "Ridge_37": {
      "R2": 0.6912,
      "RMSE": 0.5285,
      "MAE": 0.4218,
      "QLIKE": 0.1792,
      "Med_R2": -0.5074,
      "n_assets": 11
    },
    "HAR3": {
      "R2": 0.7049,
      "RMSE": 0.5166,
      "MAE": 0.4084,
      "QLIKE": 0.1551,
      "Med_R2": -0.8213,
      "n_assets": 11
    }
  },
  "365d": {
    "LSTM_Top3": {
      "R2": 0.5888,
      "RMSE": 0.5904,
      "MAE": 0.4881,
      "QLIKE": 0.17739999294281006,
      "Med_R2": -2.1987,
      "n_assets": 11
    },
    "LSTM_Orig": {
      "R2": 0.5338,
      "RMSE": 0.6286,
      "MAE": 0.517,
      "QLIKE": 0.21119999885559082,
      "Med_R2": -2.898,
      "n_assets": 11
    },
    "Ridge_37": {
      "R2": 0.5231,
      "RMSE": 0.64,
      "MAE": 0.5172,
      "QLIKE": 0.2848,
      "Med_R2": -3.2866,
      "n_assets": 11
    },
    "HAR3": {
      "R2": 0.6111,
      "RMSE": 0.578,
      "MAE": 0.4767,
      "QLIKE": 0.1903,
      "Med_R2": -3.0784,
      "n_assets": 11
    }
  }
}