{
  "r2_wf": 0.6835697868843709,
  "rmse_wf": 0.5529077153936925
}