{
  "Max_Lag": 21,
  "Max_Weight": 0.11114421486854553,
  "Min_Weight": 0.022611765190958977
}