{
  "V29_R2": 0.4416983204042476,
  "V50_R2": 0.7838922579647961,
  "DM_Stat": 31.86801530102701,
  "P_Value": 0.0,
  "Significant": true
}