{
  "V29_RMSE": 0.05803599004118037,
  "V50_RMSE": 0.21499445801027897,
  "DM_Stat": -17.794761109457372,
  "P_Value": 0.0,
  "Significant": true
}