{
  "confidence_intervals": {
    "HAR-Ridge": {
      "R2": {
        "mean": 0.5285000315151571,
        "lower": 0.5161949463124658,
        "upper": 0.5410285959293094
      },
      "RMSE": {
        "mean": 0.658487124103224,
        "lower": 0.6479431277332844,
        "upper": 0.6683373080345614
      },
      "MAE": {
        "mean": 0.5007109762007493,
        "lower": 0.49353763636895465,
        "upper": 0.5071467895020718
      }
    },
    "Random Forest": {
      "R2": {
        "mean": 0.47425510374957547,
        "lower": 0.46182501751919736,
        "upper": 0.4869653624283001
      },
      "RMSE": {
        "mean": 0.6953380679897008,
        "lower": 0.6857835576863357,
        "upper": 0.705446980731913
      },
      "MAE": {
        "mean": 0.5298419874817906,
        "lower": 0.5228138422649586,
        "upper": 0.5367928779785988
      }
    },
    "XGBoost": {
      "R2": {
        "mean": 0.5017235687314764,
        "lower": 0.4896401967948765,
        "upper": 0.5136594983486052
      },
      "RMSE": {
        "mean": 0.6769334645774782,
        "lower": 0.6664954811248717,
        "upper": 0.6875843837192762
      },
      "MAE": {
        "mean": 0.510405816903074,
        "lower": 0.5036454364395396,
        "upper": 0.5170834660411965
      }
    }
  },
  "dm_tests": {
    "Random Forest_vs_HAR-Ridge": {
      "stat": 12.717775165512744,
      "p_value": 0.0,
      "significance": "Significant"
    },
    "Random Forest_vs_XGBoost": {
      "stat": 9.811846253830797,
      "p_value": 0.0,
      "significance": "Significant"
    }
  }
}