{
  "base_r2": 0.7007374592284674,
  "macro_r2": 0.7009818049238297,
  "improvement": 0.03486979212318387,
  "coefficients": {
    "LogRV_lag1": 1.0748922613100957,
    "LogRV_lag5": -0.40682666727364863,
    "LogRV_lag22": 0.35206483647373177,
    "VIX": 0.0335297836487746,
    "YieldSpread": 0.011754146237848716,
    "Dollar_Ret": 0.0006407316221921399,
    "Oil_Ret": -0.06333054121391084
  }
}