{
  "baseline_r2": 0.700742371080503,
  "asymmetric_r2": 0.6896158277589526,
  "hybrid_r2": 0.711412805767152,
  "improvement": 1.522732908272109,
  "coefficients": {
    "LogRV_lag1": 1.4796564222042745,
    "LogRV_lag5": 0.15279013710086128,
    "LogRV_lag22": 0.7872200623007747,
    "LogRV_pos_lag1": -0.2906437234946806,
    "LogRV_neg_lag1": -0.16846409756271663,
    "LogRV_pos_lag5": -0.19034170515999468,
    "LogRV_neg_lag5": -0.3578968955171777,
    "LogRV_pos_lag22": -0.17553914263881182,
    "LogRV_neg_lag22": -0.3025314330862092
  }
}