{
  "fixed_r2": 0.6505381390836575,
  "adaptive_r2": 0.6529463038669203,
  "improvement": 0.37018041504144533
}