{
  "GARCH(1,1)": {
    "pooled_r2": 0.6938580855645254,
    "rmse": 0.5782443555377003,
    "median_r2": 0.027288037208985427,
    "asset_r2": {
      "SPY": 0.41531633051779027,
      "QQQ": 0.49104410036528245,
      "IWM": 0.09459517035075793,
      "EFA": 0.08808936908946474,
      "EEM": -0.0733306809698604,
      "TLT": -0.003823522923500855,
      "IEF": -0.10470495449648931,
      "AGG": -2.40043247804954,
      "GLD": -0.041101509651462864,
      "SLV": 0.027288037208985427,
      "USO": 0.029685433830119012
    }
  },
  "GJR-GARCH": {
    "pooled_r2": 0.6989091519610768,
    "rmse": 0.5734542592494033,
    "median_r2": -0.006590707156461262,
    "asset_r2": {
      "SPY": 0.40050839839928376,
      "QQQ": 0.504976919747941,
      "IWM": 0.06372525789978023,
      "EFA": 0.21716427336846011,
      "EEM": 0.10247455766080116,
      "TLT": -0.09929026300272858,
      "IEF": -0.10624735348551528,
      "AGG": -2.35861304761387,
      "GLD": -0.056589241914204,
      "SLV": -0.024005753838417965,
      "USO": -0.006590707156461262
    }
  }
}