{
  "WEns": {
    "pooled_r2": 0.7689687206600404,
    "rmse": 0.5023256984995104,
    "median_r2": 0.1294804403438199,
    "asset_r2": {
      "SPY": 0.5214211973135878,
      "QQQ": 0.4457529962096247,
      "IWM": 0.1294804403438199,
      "EFA": 0.37122577026990167,
      "EEM": 0.1315645486145074,
      "TLT": -0.0323091028448399,
      "IEF": -0.15131311116432533,
      "AGG": -0.2671293454272532,
      "GLD": 0.11648754925648208,
      "SLV": 0.0849370007655601,
      "USO": 0.34870631557070486
    }
  },
  "Ridge_perclass": {
    "pooled_r2": 0.7640904700820286,
    "rmse": 0.5076013259787588,
    "median_r2": 0.09613624913428087,
    "asset_r2": {
      "SPY": 0.5292181418496363,
      "QQQ": 0.47531086924797283,
      "IWM": 0.11186064122906192,
      "EFA": 0.32179806454151516,
      "EEM": 0.039643402372741776,
      "TLT": 0.0004339967420152746,
      "IEF": -0.1806109612775928,
      "AGG": -0.2744750973140506,
      "GLD": 0.09613624913428087,
      "SLV": 0.015952635784065694,
      "USO": 0.3414702193987317
    }
  },
  "ElasticNet-59": {
    "pooled_r2": 0.776017862238263,
    "rmse": 0.4946029450594889,
    "median_r2": 0.09683813807057906,
    "asset_r2": {
      "SPY": 0.5314347372955701,
      "QQQ": 0.466224782891715,
      "IWM": 0.09706274091414546,
      "EFA": 0.3488243055850596,
      "EEM": 0.07314682759375302,
      "TLT": 0.03131546157044085,
      "IEF": 0.03514109734007631,
      "AGG": -0.017436256495524605,
      "GLD": 0.09683813807057906,
      "SLV": 0.07857126581718654,
      "USO": 0.3240660199400872
    },
    "n_features": 55
  },
  "HAR-3": {
    "pooled_r2": 0.7315074046571505,
    "rmse": 0.5415220707097896,
    "median_r2": 0.17086360060561856,
    "asset_r2": {
      "SPY": 0.40838217660181164,
      "QQQ": 0.24206663322461275,
      "IWM": -0.2647574972389257,
      "EFA": 0.2909567968586051,
      "EEM": 0.17086360060561856,
      "TLT": -0.17302697853561444,
      "IEF": 0.17391843914888894,
      "AGG": 0.21774027810122176,
      "GLD": -0.49100434836071494,
      "SLV": -0.09373233253448876,
      "USO": -0.02604113167465605
    }
  }
}