fold,train_end,test_size,r2,rmse,mae
1,15395,4618,0.7885458762680809,0.6087808937650164,0.48380269417551036
2,20013,4618,0.7967068779974549,0.6225736308103696,0.5039994324456935
3,24631,4618,0.6743545601026444,0.9805911292387526,0.6832735310272013
4,29249,4618,0.7721834492190517,0.5300865799767878,0.42119233808374784
5,33867,4618,0.7909526478004147,0.45358623522709296,0.3682233808186123
