{
  "SPY": {
    "Sharpe": 1.2435569412379228,
    "Bench_Sharpe": 1.0118211889764142,
    "MDD": -0.1518127475466533,
    "Bench_MDD": -0.26215142276316206,
    "Realized_Vol": 0.11027039087191534,
    "Return": 0.7836215957777577
  },
  "TLT": {
    "Sharpe": -0.7600214520656599,
    "Bench_Sharpe": -0.6300641850488814,
    "MDD": -0.385999573201799,
    "Bench_MDD": -0.5068430731831397,
    "Realized_Vol": 0.11120820960371885,
    "Return": -0.3301302849799431
  },
  "GLD": {
    "Sharpe": 0.5737659510311398,
    "Bench_Sharpe": 0.5781458649073643,
    "MDD": -0.15036434127285103,
    "Bench_MDD": -0.2389301680702578,
    "Realized_Vol": 0.10074989965116282,
    "Return": 0.26221774057648073
  },
  "QQQ": {
    "Sharpe": 0.8245084361400834,
    "Bench_Sharpe": 0.754992162903116,
    "MDD": -0.2366885300379422,
    "Bench_MDD": -0.3850205688238888,
    "Realized_Vol": 0.11677189420370898,
    "Return": 0.48441799310502587
  },
  "IEF": {
    "Sharpe": -0.6126707532066209,
    "Bench_Sharpe": -0.4729366159164788,
    "MDD": -0.3519030432514687,
    "Bench_MDD": -0.24711595433173894,
    "Realized_Vol": 0.10848449968491314,
    "Return": -0.2735371868136517
  }
}