{
  "SPY": {
    "Sharpe": 1.0089446631085686,
    "Bench_Sharpe": 0.9837438901470935,
    "MDD": -0.17678937042210252,
    "Return": 0.5955625749279114
  },
  "QQQ": {
    "Sharpe": 0.6905412611948035,
    "Bench_Sharpe": 0.746636490681311,
    "MDD": -0.2088649528574843,
    "Return": 0.4016797252936335
  }
}