{
  "results": {
    "1d": {
      "LSTM_Top3": {
        "R2": 0.0924,
        "RMSE": 2.5379,
        "MAE": 1.8225,
        "QLIKE": 4.345399856567383,
        "Med_R2": -0.0004,
        "n_assets": 11
      },
      "LSTM_Orig": {
        "R2": 0.0963,
        "RMSE": 2.5325,
        "MAE": 1.8076,
        "QLIKE": 4.218500137329102,
        "Med_R2": 0.0012,
        "n_assets": 11
      },
      "Ridge_37": {
        "R2": 0.1144,
        "RMSE": 2.4958,
        "MAE": 1.7566,
        "QLIKE": 3.4886,
        "Med_R2": 0.0191,
        "n_assets": 11
      },
      "HAR3": {
        "R2": 0.1087,
        "RMSE": 2.5038,
        "MAE": 1.7602,
        "QLIKE": 3.5218,
        "Med_R2": 0.0201,
        "n_assets": 11
      },
      "LASSO_HAR": {
        "R2": 0.1161,
        "RMSE": 2.4934,
        "MAE": 1.7565,
        "QLIKE": 3.5091,
        "Med_R2": 0.0226,
        "n_assets": 11
      },
      "HAR_CJ": {
        "R2": 0.1059,
        "RMSE": 2.5078,
        "MAE": 1.7625,
        "QLIKE": 3.5477,
        "Med_R2": 0.016,
        "n_assets": 11
      },
      "RF_37": {
        "R2": 0.1133,
        "RMSE": 2.4974,
        "MAE": 1.7509,
        "QLIKE": 3.4764,
        "Med_R2": 0.0183,
        "n_assets": 11
      }
    },
    "5d": {
      "LSTM_Top3": {
        "R2": 0.5768,
        "RMSE": 0.7929,
        "MAE": 0.6203,
        "QLIKE": 0.35350000858306885,
        "Med_R2": 0.101,
        "n_assets": 11
      },
      "LSTM_Orig": {
        "R2": 0.5868,
        "RMSE": 0.7834,
        "MAE": 0.6154,
        "QLIKE": 0.349700003862381,
        "Med_R2": 0.1162,
        "n_assets": 11
      },
      "Ridge_37": {
        "R2": 0.6253,
        "RMSE": 0.7475,
        "MAE": 0.5875,
        "QLIKE": 0.3232,
        "Med_R2": 0.2033,
        "n_assets": 11
      },
      "HAR3": {
        "R2": 0.5807,
        "RMSE": 0.7907,
        "MAE": 0.6179,
        "QLIKE": 0.36,
        "Med_R2": 0.1164,
        "n_assets": 11
      },
      "LASSO_HAR": {
        "R2": 0.6246,
        "RMSE": 0.7482,
        "MAE": 0.5882,
        "QLIKE": 0.3295,
        "Med_R2": 0.206,
        "n_assets": 11
      },
      "HAR_CJ": {
        "R2": 0.5686,
        "RMSE": 0.8021,
        "MAE": 0.6272,
        "QLIKE": 0.3705,
        "Med_R2": 0.089,
        "n_assets": 11
      },
      "RF_37": {
        "R2": 0.611,
        "RMSE": 0.7616,
        "MAE": 0.6033,
        "QLIKE": 0.3445,
        "Med_R2": 0.1721,
        "n_assets": 11
      }
    },
    "22d": {
      "LSTM_Top3": {
        "R2": 0.7804,
        "RMSE": 0.4819,
        "MAE": 0.3869,
        "QLIKE": 0.11909999698400497,
        "Med_R2": 0.2743,
        "n_assets": 11
      },
      "LSTM_Orig": {
        "R2": 0.7482,
        "RMSE": 0.5159,
        "MAE": 0.4171,
        "QLIKE": 0.12319999933242798,
        "Med_R2": 0.0667,
        "n_assets": 11
      },
      "Ridge_37": {
        "R2": 0.7895,
        "RMSE": 0.4762,
        "MAE": 0.3787,
        "QLIKE": 0.1336,
        "Med_R2": 0.2149,
        "n_assets": 11
      },
      "HAR3": {
        "R2": 0.7609,
        "RMSE": 0.5076,
        "MAE": 0.4022,
        "QLIKE": 0.1527,
        "Med_R2": 0.1199,
        "n_assets": 11
      },
      "LASSO_HAR": {
        "R2": 0.79,
        "RMSE": 0.4757,
        "MAE": 0.3771,
        "QLIKE": 0.1356,
        "Med_R2": 0.225,
        "n_assets": 11
      },
      "HAR_CJ": {
        "R2": 0.7524,
        "RMSE": 0.5166,
        "MAE": 0.4097,
        "QLIKE": 0.158,
        "Med_R2": 0.0885,
        "n_assets": 11
      },
      "RF_37": {
        "R2": 0.7699,
        "RMSE": 0.498,
        "MAE": 0.3936,
        "QLIKE": 0.1457,
        "Med_R2": 0.1475,
        "n_assets": 11
      }
    },
    "60d": {
      "LSTM_Top3": {
        "R2": 0.7955,
        "RMSE": 0.4463,
        "MAE": 0.3518,
        "QLIKE": 0.10939999669790268,
        "Med_R2": -0.1784,
        "n_assets": 11
      },
      "LSTM_Orig": {
        "R2": 0.7703,
        "RMSE": 0.473,
        "MAE": 0.3755,
        "QLIKE": 0.11289999634027481,
        "Med_R2": -0.0761,
        "n_assets": 11
      },
      "Ridge_37": {
        "R2": 0.7744,
        "RMSE": 0.4713,
        "MAE": 0.3778,
        "QLIKE": 0.134,
        "Med_R2": -0.2011,
        "n_assets": 11
      },
      "HAR3": {
        "R2": 0.7842,
        "RMSE": 0.461,
        "MAE": 0.3653,
        "QLIKE": 0.1217,
        "Med_R2": -0.039,
        "n_assets": 11
      },
      "LASSO_HAR": {
        "R2": 0.7816,
        "RMSE": 0.4638,
        "MAE": 0.3698,
        "QLIKE": 0.1303,
        "Med_R2": -0.1796,
        "n_assets": 11
      },
      "HAR_CJ": {
        "R2": 0.7712,
        "RMSE": 0.4747,
        "MAE": 0.3784,
        "QLIKE": 0.1299,
        "Med_R2": -0.0772,
        "n_assets": 11
      },
      "RF_37": {
        "R2": 0.7523,
        "RMSE": 0.4939,
        "MAE": 0.3874,
        "QLIKE": 0.1511,
        "Med_R2": 0.0212,
        "n_assets": 11
      }
    },
    "90d": {
      "LSTM_Top3": {
        "R2": 0.7877,
        "RMSE": 0.448,
        "MAE": 0.3599,
        "QLIKE": 0.11670000106096268,
        "Med_R2": -0.0309,
        "n_assets": 11
      },
      "LSTM_Orig": {
        "R2": 0.7389,
        "RMSE": 0.4968,
        "MAE": 0.3963,
        "QLIKE": 0.12110000103712082,
        "Med_R2": -0.3056,
        "n_assets": 11
      },
      "Ridge_37": {
        "R2": 0.7517,
        "RMSE": 0.4865,
        "MAE": 0.3928,
        "QLIKE": 0.146,
        "Med_R2": -0.3377,
        "n_assets": 11
      },
      "HAR3": {
        "R2": 0.7813,
        "RMSE": 0.4567,
        "MAE": 0.3662,
        "QLIKE": 0.1153,
        "Med_R2": -0.2859,
        "n_assets": 11
      },
      "LASSO_HAR": {
        "R2": 0.7633,
        "RMSE": 0.475,
        "MAE": 0.384,
        "QLIKE": 0.1384,
        "Med_R2": -0.3468,
        "n_assets": 11
      },
      "HAR_CJ": {
        "R2": 0.7679,
        "RMSE": 0.4704,
        "MAE": 0.3793,
        "QLIKE": 0.1235,
        "Med_R2": -0.272,
        "n_assets": 11
      },
      "RF_37": {
        "R2": 0.7365,
        "RMSE": 0.5012,
        "MAE": 0.3962,
        "QLIKE": 0.1541,
        "Med_R2": -0.1514,
        "n_assets": 11
      }
    },
    "120d": {
      "LSTM_Top3": {
        "R2": 0.7514,
        "RMSE": 0.479,
        "MAE": 0.3892,
        "QLIKE": 0.11219999939203262,
        "Med_R2": -0.1485,
        "n_assets": 11
      },
      "LSTM_Orig": {
        "R2": 0.6951,
        "RMSE": 0.5305,
        "MAE": 0.4255,
        "QLIKE": 0.14110000431537628,
        "Med_R2": -0.2292,
        "n_assets": 11
      },
      "Ridge_37": {
        "R2": 0.7369,
        "RMSE": 0.4953,
        "MAE": 0.3982,
        "QLIKE": 0.1524,
        "Med_R2": -0.4171,
        "n_assets": 11
      },
      "HAR3": {
        "R2": 0.7583,
        "RMSE": 0.4747,
        "MAE": 0.374,
        "QLIKE": 0.1274,
        "Med_R2": -0.5425,
        "n_assets": 11
      },
      "LASSO_HAR": {
        "R2": 0.7475,
        "RMSE": 0.4852,
        "MAE": 0.3897,
        "QLIKE": 0.1456,
        "Med_R2": -0.4623,
        "n_assets": 11
      },
      "HAR_CJ": {
        "R2": 0.7461,
        "RMSE": 0.4866,
        "MAE": 0.3842,
        "QLIKE": 0.1355,
        "Med_R2": -0.6188,
        "n_assets": 11
      },
      "RF_37": {
        "R2": 0.7299,
        "RMSE": 0.5019,
        "MAE": 0.3894,
        "QLIKE": 0.1572,
        "Med_R2": -0.3574,
        "n_assets": 11
      }
    },
    "180d": {
      "LSTM_Top3": {
        "R2": 0.7079,
        "RMSE": 0.5114,
        "MAE": 0.4116,
        "QLIKE": 0.13699999451637268,
        "Med_R2": -0.3284,
        "n_assets": 11
      },
      "LSTM_Orig": {
        "R2": 0.652,
        "RMSE": 0.5582,
        "MAE": 0.4398,
        "QLIKE": 0.16619999706745148,
        "Med_R2": -0.8194,
        "n_assets": 11
      },
      "Ridge_37": {
        "R2": 0.6906,
        "RMSE": 0.529,
        "MAE": 0.4226,
        "QLIKE": 0.1795,
        "Med_R2": -0.5223,