{
  "KAN": {
    "R2": -0.4236443042755127,
    "Time": 16.68393564224243
  }
}