{
  "GraphVol": {
    "R2": -0.23160088062286377,
    "Time": 3.0828769207000732
  }
}