{
  "V29_R2": 0.6793061436342758,
  "V35_R2": 0.6847136581888303,
  "Improvement": 0.005407514554554571
}