{
  "V42_R2_Avg": 0.6394338921032796,
  "V42_R2_Weighted": 0.6556301325867153,
  "Models": [
    "V29",
    "V36",
    "V43",
    "V50"
  ]
}