{
  "model_comparison": {
    "v50_r2": 0.612339975326373,
    "v64_r2": 0.5798371654972505,
    "improvement": -0.03250280982912246,
    "improvement_pct": -5.307967981642658
  },
  "overall_feature_importance": {
    "LogRV": 0.4745928943157196,
    "Return": 0.5254068970680237
  },
  "feature_importance_by_asset": {
    "IWM": {
      "LogRV": 0.46994274854660034,
      "Return": 0.5300572514533997
    },
    "IEF": {
      "LogRV": 0.48725956678390503,
      "Return": 0.512740433216095
    },
    "GLD": {
      "LogRV": 0.4665399491786957,
      "Return": 0.5334599614143372
    },
    "TLT": {
      "LogRV": 0.4834425747394562,
      "Return": 0.5165573954582214
    },
    "QQQ": {
      "LogRV": 0.4769994914531708,
      "Return": 0.5230005383491516
    },
    "SPY": {
      "LogRV": 0.4633599817752838,
      "Return": 0.5366398096084595
    }
  }
}