{
  "experiment": "V72_R2_Boost",
  "strategies": [
    "Regime_MoE",
    "MultiHorizon",
    "Factor_Idiosyncratic"
  ],
  "results": {
    "V71_Baseline": {
      "R2": 0.7788070041031561,
      "RMSE": 0.488536474094198,
      "MAE": 0.3903670697709992,
      "QLIKE": 0.14394957883638734
    },
    "MoE_Hard": {
      "R2": 0.7648467019677687,
      "RMSE": 0.5037172750327087,
      "MAE": 0.3995787698303631,
      "QLIKE": 0.15499458108181277
    },
    "MoE_Soft": {
      "R2": 0.769138385498209,
      "RMSE": 0.49909954332064543,
      "MAE": 0.39622345075212195,
      "QLIKE": 0.15231093559691497
    },
    "MultiHorizon_Opt": {
      "R2": 0.7736588805300686,
      "RMSE": 0.49418895864154794,
      "MAE": 0.3942282790703753,
      "QLIKE": 0.14986311894327428
    },
    "Factor_Idio": {
      "R2": 0.7184494942561443,
      "RMSE": 0.551174940795574,
      "MAE": 0.4439786091098094,
      "QLIKE": 0.19288732039763123
    },
    "Best_Ensemble": {
      "R2": 0.7808545286000383,
      "RMSE": 0.4862700912326433,
      "MAE": 0.3887084195417034,
      "QLIKE": 0.14272169642203938,
      "weights": {
        "Baseline": 0.7000000000000001,
        "MoE_Soft": 0.29999999999999993
      }
    },
    "XGBoost_Factor": {
      "R2": 0.7060744468357769
    }
  },
  "best_model": "Best_Ensemble",
  "best_r2": 0.7808545286000383,
  "baseline_r2": 0.7788070041031561,
  "improvement_pct": 0.26290524945138755,
  "qlike_improvement_pct": 0.8529947946173332,
  "multi_horizon_weights": [
    0.5,
    0.2,
    0.0,
    0.3
  ],
  "ensemble_weights": {
    "Baseline": 0.7000000000000001,
    "MoE_Soft": 0.29999999999999993
  },
  "vix_quantiles": {
    "q50": 15.869999885559082,
    "q90": 26.06999969482422
  },
  "n_features": 37,
  "n_features_factor": 39
}