{
  "commodity_iv": {
    "baseline_r2": 0.782235000536051,
    "commodity_iv_r2": 0.7743350668853847
  },
  "block_bootstrap": {
    "dm_p": 0.0,
    "bootstrap_p": 0.0,
    "mse_diff": -0.05486862449566471,
    "ci_lower": -0.06659458441622054,
    "ci_upper": -0.0441376503324683
  },
  "reporting": {
    "pooled_r2": 0.782235000536051,
    "median_r2": 0.12326913881430968,
    "mean_r2": 0.20514602642017074,
    "iqr": [
      0.05057889271966931,
      0.3690146655399947
    ],
    "num_negative": 0,
    "asset_results": {
      "SPY": {
        "R2": 0.5470065127906542,
        "RMSE": 0.513610196375882,
        "n": 750,
        "Class": "Equity"
      },
      "QQQ": {
        "R2": 0.47847700072447275,
        "RMSE": 0.5017558960242944,
        "n": 750,
        "Class": "Equity"
      },
      "IWM": {
        "R2": 0.12326913881430968,
        "RMSE": 0.4858219530633609,
        "n": 750,
        "Class": "Equity"
      },
      "EFA": {
        "R2": 0.4016835342933178,
        "RMSE": 0.48912097668936155,
        "n": 751,
        "Class": "Equity"
      },
      "EEM": {
        "R2": 0.15009318112354364,
        "RMSE": 0.5251231030269792,
        "n": 750,
        "Class": "Equity"
      },
      "TLT": {
        "R2": 0.0649331620170518,
        "RMSE": 0.438640485435735,
        "n": 750,
        "Class": "Bond"
      },
      "IEF": {
        "R2": 0.03622462342228683,
        "RMSE": 0.5004498716226529,
        "n": 750,
        "Class": "Bond"
      },
      "AGG": {
        "R2": 0.021306279907545744,
        "RMSE": 0.4848749009713585,
        "n": 751,
        "Class": "Bond"
      },
      "GLD": {
        "R2": 0.0848332029901554,
        "RMSE": 0.47250845530056707,
        "n": 750,
        "Class": "Commodity"
      },
      "SLV": {
        "R2": 0.012433857751869337,
        "RMSE": 0.42363897900522457,
        "n": 750,
        "Class": "Commodity"
      },
      "USO": {
        "R2": 0.33634579678667154,
        "RMSE": 0.5186088192189408,
        "n": 751,
        "Class": "Commodity"
      }
    },
    "class_results": {
      "Equity": {
        "R2": 0.5046608924280795,
        "RMSE": 0.5032995578734651,
        "n": 3751
      },
      "Bond": {
        "R2": 0.7403082366692266,
        "RMSE": 0.4753845355825019,
        "n": 2251
      },
      "Commodity": {
        "R2": 0.7137014803007653,
        "RMSE": 0.4731981205101226,
        "n": 2251
      }
    }
  },
  "ffill": {
    "With ffill": {
      "n_samples": 41261,
      "pooled_r2": 0.782235000536051,
      "median_r2": 0.12326913881430968,
      "rmse": 0.48769021787402056
    },
    "Without ffill": {
      "n_samples": 38489,
      "pooled_r2": 0.7951958073973253,
      "median_r2": 0.18211120320325302,
      "rmse": 0.4697967067767766
    }
  }
}